{
  "models": [
    "llama3.2",
    "olmo2",
    "dolphin3",
    "mistral",
    "qwen3"
  ],
  "iterative_scores": [
    64.28571428571429,
    64.28571428571429,
    28.57142857142857,
    64.28571428571429,
    100.0
  ],
  "specialist_scores": [
    57.14285714285714,
    100.0,
    100.0,
    100.0,
    100.0
  ],
  "timestamp": "20250626_194301"
}